fact;pred
1.21;0.888070333333332
7.09;7.90314733333333
1.88;1.20011295238095
0.24;1.05303933333333
0.55;0.867722619047619
0.08;0.139169750862664
1.06;0.911488523809523
0.12;1.1136728015873
1.19;0.918505878787878
1.63;0.948828666666667